"","City","Parameter","Z_Scores"
"1","Abu Dhabi","Wifi",-1.08764566276379
"2","Abu Dhabi","Co_Work",-0.326611308755748
"3","Abu Dhabi","Coffee",1.36684928754124
"4","Abu Dhabi","Taxi",-1.09173573213325
"5","Abu Dhabi","Beer",2.65984845238754
"6","Abu Dhabi","Rent",0.404693804382323
"7","Abu Dhabi","Meal",-0.520646811455005
"8","Abu Dhabi","Sun",1.65854558958019
"9","Abu Dhabi","Fun",-0.637177692950077
"10","Abu Dhabi","Insta",0.493267858619985
"11","Adelaide","Wifi",-0.53842611626131
"12","Adelaide","Co_Work",-0.624698202715361
"13","Adelaide","Coffee",0.0666930659713195
"14","Adelaide","Taxi",0.12779795839777
"15","Adelaide","Beer",0.0417337164083702
"16","Adelaide","Rent",0.150242567330397
"17","Adelaide","Meal",0.107711383697641
"18","Adelaide","Sun",0.536134003336811
"19","Adelaide","Fun",-0.513409750737115
"20","Adelaide","Insta",-0.482054702257028
"21","Amsterdam","Wifi",-0.294328540037987
"22","Amsterdam","Co_Work",1.00484348426386
"23","Amsterdam","Coffee",0.646492462076823
"24","Amsterdam","Taxi",1.7858156724905
"25","Amsterdam","Beer",0.65521934761141
"26","Amsterdam","Rent",1.40621633660955
"27","Amsterdam","Meal",1.06077981936213
"28","Amsterdam","Sun",-1.12787134562347
"29","Amsterdam","Fun",0.648780004510832
"30","Amsterdam","Insta",0.580308597120563
"31","Arequipa","Wifi",-1.08764566276379
"32","Arequipa","Co_Work",-0.883040177480359
"33","Arequipa","Coffee",-1.0138421722253
"34","Arequipa","Taxi",-0.173659807800908
"35","Arequipa","Beer",-0.943299550593694
"36","Arequipa","Rent",-1.30704271877075
"37","Arequipa","Meal",-1.44387700880219
"38","Arequipa","Sun",1.3930288702538
"39","Arequipa","Fun",-0.730223096315849
"40","Arequipa","Insta",-0.670902018825246
"41","Athens","Wifi",-0.904572480596295
"42","Athens","Co_Work",-0.386228687547671
"43","Athens","Coffee",0.16332629865557
"44","Athens","Taxi",-0.653251708571532
"45","Athens","Beer",0.179983999496379
"46","Athens","Rent",-0.873937698369106
"47","Athens","Meal",0.0866490978266027
"48","Athens","Sun",0.548202945124375
"49","Athens","Fun",0.093140944788815
"50","Athens","Insta",-0.336339180213649
"51","Auckland","Wifi",0.437964188631983
"52","Auckland","Co_Work",-0.366356227950363
"53","Auckland","Coffee",0.330238246019275
"54","Auckland","Taxi",0.566281981959483
"55","Auckland","Beer",1.08293116091494
"56","Auckland","Rent",0.57595801518473
"57","Auckland","Meal",0.434176814698736
"58","Auckland","Sun",-0.613432701928586
"59","Auckland","Fun",0.0492516035785451
"60","Auckland","Insta",-0.522466473703724
"61","Bangkok","Wifi",0.0718178242969981
"62","Bangkok","Co_Work",1.36254775701539
"63","Bangkok","Coffee",-0.8205757068568
"64","Bangkok","Taxi",-0.324388690900247
"65","Bangkok","Beer",-0.87849473039619
"66","Bangkok","Rent",-0.716655717974848
"67","Bangkok","Meal",-1.51057424739381
"68","Bangkok","Sun",0.32341890433101
"69","Bangkok","Fun",1.07011768012942
"70","Bangkok","Insta",0.371255394828996
"71","Barcelona","Wifi",0.621037370799475
"72","Barcelona","Co_Work",1.74012448936423
"73","Barcelona","Coffee",-0.785436349517072
"74","Barcelona","Taxi",0.00447432677103825
"75","Barcelona","Beer",-0.303891991311652
"76","Barcelona","Rent",0.115160209428085
"77","Barcelona","Meal",0.478056576930066
"78","Barcelona","Sun",0.273634519457311
"79","Barcelona","Fun",1.4888219952754
"80","Barcelona","Insta",1.71183819762808
"81","Beijing","Wifi",-1.5148164211546
"82","Beijing","Co_Work",0.40866969634463
"83","Beijing","Coffee",1.07694958948848
"84","Beijing","Taxi",-1.32468036965041
"85","Beijing","Beer",-1.12043272580021
"86","Beijing","Rent",0.144066478510217
"87","Beijing","Meal",-1.03491762480619
"88","Beijing","Sun",0.394323937332944
"89","Beijing","Fun",0.320487732258013
"90","Beijing","Insta",-0.448637275868413
"91","Beirut","Wifi",-1.39276763304294
"92","Beirut","Co_Work",-0.604825743118054
"93","Beirut","Coffee",4.362479500753
"94","Beirut","Taxi",0.0318795782436454
"95","Beirut","Beer",0.927399592440928
"96","Beirut","Rent",0.0375696976813093
"97","Beirut","Meal",2.49652563957125
"98","Beirut","Sun",1.69626103266633
"99","Beirut","Fun",-0.750412193272573
"100","Beirut","Insta",-0.334007731860955
"101","Belfast","Wifi",-0.0502309638146635
"102","Belfast","Co_Work",-0.704188041104591
"103","Belfast","Coffee",0.523504711387777
"104","Belfast","Taxi",0.114095332661466
"105","Belfast","Beer",0.784828988006418
"106","Belfast","Rent",-0.269930701113452
"107","Belfast","Meal",0.871219246522783
"108","Belfast","Sun",-0.817096094593715
"109","Belfast","Fun",-0.49146508013198
"110","Belfast","Insta",-0.600181418793526
"111","Belgrade","Wifi",0.437964188631983
"112","Belgrade","Co_Work",-0.306738849158441
"113","Belgrade","Coffee",-1.09290572623969
"114","Belgrade","Taxi",-0.886196346088692
"115","Belgrade","Beer",-0.926018265207693
"116","Belgrade","Rent",-0.969005998126068
"117","Belgrade","Meal",-0.703186622337337
"118","Belgrade","Sun",-0.448993370073037
"119","Belgrade","Fun",-0.4458201652733
"120","Belgrade","Insta",-0.560158222072278
"121","Berlin","Wifi",0.376939794576152
"122","Berlin","Co_Work",1.56127235298847
"123","Berlin","Coffee",0.242389852669957
"124","Berlin","Taxi",1.25141326877466
"125","Berlin","Beer",-0.342774883430155
"126","Berlin","Rent",0.214502869776139
"127","Berlin","Meal",0.0866490978266027
"128","Berlin","Sun",-1.1821815836675
"129","Berlin","Fun",0.747092128821837
"130","Berlin","Insta",1.15112486880516
"131","Bordeaux","Wifi",-0.416377328149648
"132","Bordeaux","Co_Work",-0.684315581507284
"133","Bordeaux","Coffee",0.44444115737339
"134","Bordeaux","Taxi",0.74441611653143
"135","Bordeaux","Beer",1.13477501707294
"136","Bordeaux","Rent",-0.277465167240123
"137","Bordeaux","Meal",0.671127530747918
"138","Bordeaux","Sun",0.457685881717651
"139","Bordeaux","Fun",-0.423875494668165
"140","Bordeaux","Insta",-0.424157068165125
"141","Boston","Wifi",0.376939794576152
"142","Boston","Co_Work",-0.14775917237998
"143","Boston","Coffee",1.05059507148369
"144","Boston","Taxi",0.59368723343209
"145","Boston","Beer",1.08725148226144
"146","Boston","Rent",2.72596139250411
"147","Boston","Meal",1.42410425063754
"148","Boston","Sun",0.338505081565464
"149","Boston","Fun",-0.342241320017063
"150","Boston","Insta",0.194842469475146
"151","Brisbane","Wifi",-0.294328540037987
"152","Brisbane","Co_Work",-0.227249010769211
"153","Brisbane","Coffee",0.242389852669957
"154","Brisbane","Taxi",0.292229467233413
"155","Brisbane","Beer",0.676820954343911
"156","Brisbane","Rent",0.494238036426221
"157","Brisbane","Meal",0.597409530199284
"158","Brisbane","Sun",0.842383401196228
"159","Brisbane","Fun",-0.329074517653982
"160","Brisbane","Insta",-0.267561453809175
"161","Brussels","Wifi",0.621037370799475
"162","Brussels","Co_Work",0.349052317552708
"163","Brussels","Coffee",0.365377603359003
"164","Brussels","Taxi",1.16919751435684
"165","Brussels","Beer",0.179983999496379
"166","Brussels","Rent",0.0113439598173198
"167","Brussels","Meal",1.06077981936213
"168","Brussels","Sun",-1.30287100154314
"169","Brussels","Fun",-0.259729358541755
"170","Brussels","Insta",-0.457185919828291
"171","Bucharest","Wifi",1.6584520697486
"172","Bucharest","Co_Work",-0.0483968743934428
"173","Bucharest","Coffee",-0.574600205478707
"174","Bucharest","Taxi",-1.17395148655107
"175","Bucharest","Beer",-0.960580835979695
"176","Bucharest","Rent",-0.864573950803026
"177","Bucharest","Meal",-0.476767049223675
"178","Bucharest","Sun",-0.444467516902701
"179","Bucharest","Fun",-0.278162881850069
"180","Bucharest","Insta",-0.600569993518975
"181","Budapest","Wifi",0.621037370799475
"182","Budapest","Co_Work",-0.167631631977288
"183","Budapest","Coffee",-1.2334631555986
"184","Budapest","Taxi",-0.502522825472193
"185","Budapest","Beer",-1.0685888696422
"186","Budapest","Rent",-0.830886193602045
"187","Budapest","Meal",-0.764618289461199
"188","Budapest","Sun",-0.636061967780267
"189","Budapest","Fun",0.373154941710337
"190","Budapest","Insta",-0.177412117505004
"191","Buenos Aires","Wifi",-0.599450510317141
"192","Buenos Aires","Co_Work",0.368924777150015
"193","Buenos Aires","Coffee",-1.2071086375938
"194","Buenos Aires","Taxi",-0.95470947477021
"195","Buenos Aires","Beer",-1.13771401118621
"196","Buenos Aires","Rent",-1.15370908841403
"197","Buenos Aires","Meal",-0.685634717444805
"198","Buenos Aires","Sun",0.174065749709915
"199","Buenos Aires","Fun",0.541690011957774
"200","Buenos Aires","Insta",0.0953673397601999
"201","Calgary","Wifi",-0.172279751926325
"202","Calgary","Co_Work",-0.286866389561133
"203","Calgary","Coffee",0.180895977325434
"204","Calgary","Taxi",0.278526841497109
"205","Calgary","Beer",0.529930028562902
"206","Calgary","Rent",0.00652624830363115
"207","Calgary","Meal",0.511405196225877
"208","Calgary","Sun",-0.0205459366145423
"209","Calgary","Fun",-0.441431231152273
"210","Calgary","Insta",-0.447471551692066
"211","Cancun","Wifi",-1.20969445087545
"212","Cancun","Co_Work",-0.783677879493821
"213","Cancun","Coffee",-0.803006028186936
"214","Cancun","Taxi",2.05986818721657
"215","Cancun","Beer",-0.934658907900693
"216","Cancun","Rent",-0.945315897900862
"217","Cancun","Meal",-0.546974668793803
"218","Cancun","Sun",0.174065749709915
"219","Cancun","Fun",-0.114894532547864
"220","Cancun","Insta",-0.342944950546282
"221","Cape Town","Wifi",-0.904572480596295
"222","Cape Town","Co_Work",-0.0483968743934428
"223","Cape Town","Coffee",-0.943563457545845
"224","Cape Town","Taxi",-0.721764837253049
"225","Cape Town","Beer",-0.757525732694182
"226","Cape Town","Rent",-0.529054756099708
"227","Cape Town","Meal",-0.264389000024037
"228","Cape Town","Sun",1.03246923435035
"229","Cape Town","Fun",0.374032728534543
"230","Cape Town","Insta",-0.253184188967561
"231","Cartagena","Wifi",-0.965596874652126
"232","Cartagena","Co_Work",-0.783677879493821
"233","Cartagena","Coffee",-1.64635060434039
"234","Cartagena","Taxi",0.621092484904697
"235","Cartagena","Beer",-0.809369588852185
"236","Cartagena","Rent",-0.815400692308046
"237","Cartagena","Meal",-1.38946610363534
"238","Cartagena","Sun",0.919322905091944
"239","Cartagena","Fun",-0.473031556823667
"240","Cartagena","Insta",0.00405227927968286
"241","Chiang Mai","Wifi",-0.0502309638146635
"242","Chiang Mai","Co_Work",-0.465718525936901
"243","Chiang Mai","Coffee",-1.09290572623969
"244","Chiang Mai","Taxi",-1.20135673802367
"245","Chiang Mai","Beer",-0.753205411347681
"246","Chiang Mai","Rent",-0.982915781744537
"247","Chiang Mai","Meal",-1.51057424739381
"248","Chiang Mai","Sun",0.154453719305124
"249","Chiang Mai","Fun",0.121230123163388
"250","Chiang Mai","Insta",-0.482054702257028
"251","Chicago","Wifi",0.926159341078629
"252","Chicago","Co_Work",1.10420578225039
"253","Chicago","Coffee",0.848543766780256
"254","Chicago","Taxi",0.36074259591493
"255","Chicago","Beer",0.482406493751399
"256","Chicago","Rent",1.4386000515963
"257","Chicago","Meal",0.930895723157392
"258","Chicago","Sun",0.148419248411343
"259","Chicago","Fun",0.323121092730629
"260","Chicago","Insta",1.27313733259615
"261","Cologne","Wifi",0.376939794576152
"262","Cologne","Co_Work",-0.207376551171903
"263","Cologne","Coffee",0.0666930659713195
"264","Cologne","Taxi",1.25141326877466
"265","Cologne","Beer",0.179983999496379
"266","Cologne","Rent",-0.0187214578996846
"267","Cologne","Meal",-0.0116415695715766
"268","Cologne","Sun",-1.36623294592784
"269","Cologne","Fun",-0.507265242967678
"270","Cologne","Insta",-0.434260011026799
"271","Colombo","Wifi",-1.08764566276379
"272","Colombo","Co_Work",-0.485590985534208
"273","Colombo","Coffee",-0.8205757068568
"274","Colombo","Taxi",-1.47540925274974
"275","Colombo","Beer",-1.0513075842562
"276","Colombo","Rent",-0.957016054434106
"277","Colombo","Meal",-1.52988134277559
"278","Colombo","Sun",0.901219492410599
"279","Colombo","Fun",-0.153517152812902
"280","Colombo","Insta",-0.631655971554896
"281","Copenhagen","Wifi",1.17025691730195
"282","Copenhagen","Co_Work",-0.445846066339593
"283","Copenhagen","Coffee",2.49130872241252
"284","Copenhagen","Taxi",0.662200362113608
"285","Copenhagen","Beer",1.48040072479296
"286","Copenhagen","Rent",1.08161849545042
"287","Copenhagen","Meal",1.54345720390676
"288","Copenhagen","Sun",-0.915156246617666
"289","Copenhagen","Fun",-0.23778468793662
"290","Copenhagen","Insta",-0.339447778017241
"291","Dakar","Wifi",-1.27071884493128
"292","Dakar","Co_Work",-0.843295258285744
"293","Dakar","Coffee",-0.319839864765683
"294","Dakar","Taxi",0.525174104750573
"295","Dakar","Beer",-1.28028461562072
"296","Dakar","Rent",-0.510019362111411
"297","Dakar","Meal",-0.969975576703824
"298","Dakar","Sun",1.00833135077522
"299","Dakar","Fun",-0.85399103852881
"300","Dakar","Insta",-0.649918983650999
"301","Doha","Wifi",-0.904572480596295
"302","Doha","Co_Work",-0.704188041104591
"303","Doha","Coffee",1.27021605485699
"304","Doha","Taxi",-1.07803310639694
"305","Doha","Beer",3.25605279820458
"306","Doha","Rent",0.941578850999893
"307","Doha","Meal",-0.508360478030232
"308","Doha","Sun",2.24388926627701
"309","Doha","Fun",-0.737245390909492
"310","Doha","Insta",0.129950490325162
"311","Dresden","Wifi",0.498988582687814
"312","Dresden","Co_Work",-0.863167717883051
"313","Dresden","Coffee",-0.275915668091023
"314","Dresden","Taxi",1.53916840923704
"315","Dresden","Beer",-0.0749149599471374
"316","Dresden","Rent",-0.640296801652624
"317","Dresden","Meal",0.0761179548910834
"318","Dresden","Sun",-1.25006938122255
"319","Dresden","Fun",-0.649466708488952
"320","Dresden","Insta",-0.590467050657301
"321","Dubai","Wifi",-0.721499298428802
"322","Dubai","Co_Work",1.32280283782078
"323","Dubai","Coffee",1.5776854315796
"324","Dubai","Taxi",-1.02322260345173
"325","Dubai","Beer",3.21284958473958
"326","Dubai","Rent",0.824848961128752
"327","Dubai","Meal",-0.295982428830595
"328","Dubai","Sun",2.22578585359566
"329","Dubai","Fun",0.502189604868531
"330","Dubai","Insta",3.57971690286146
"331","Dublin","Wifi",2.08562282813942
"332","Dublin","Co_Work",-0.0483968743934428
"333","Dublin","Coffee",0.68163181941655
"334","Dublin","Taxi",0.484066227541662
"335","Dublin","Beer",0.897157343015426
"336","Dublin","Rent",1.68935650237457
"337","Dublin","Meal",1.06077981936213
"338","Dublin","Sun",-1.44317244982356
"339","Dublin","Fun",0.175652906264122
"340","Dublin","Insta",-0.229092555989723
"341","Dubrovnik","Wifi",-0.477401722205479
"342","Dubrovnik","Co_Work",-0.962530015869589
"343","Dubrovnik","Coffee",0.277529210009684
"344","Dubrovnik","Taxi",0.333337344442323
"345","Dubrovnik","Beer",0.819391558778421
"346","Dubrovnik","Rent",-0.332090046658488
"347","Dubrovnik","Meal",0.865953675055024
"348","Dubrovnik","Sun",1.3764340752959
"349","Dubrovnik","Fun",-0.504631882495061
"350","Dubrovnik","Insta",-0.632433121005794
"351","Dusseldorf","Wifi",-0.111255357870494
"352","Dusseldorf","Co_Work",-0.0881417935880579
"353","Dusseldorf","Coffee",0.356592764024071
"354","Dusseldorf","Taxi",1.55287103497334
"355","Dusseldorf","Beer",0.179983999496379
"356","Dusseldorf","Rent",-0.0793231974666108
"357","Dusseldorf","Meal",0.0866490978266027
"358","Dusseldorf","Sun",-0.0763647923820222
"359","Dusseldorf","Fun",-0.641566627071104
"360","Dusseldorf","Insta",-0.450580149495658
"361","Edinburgh","Wifi",-0.0502309638146635
"362","Edinburgh","Co_Work",-0.505463445131516
"363","Edinburgh","Coffee",0.549859229392572
"364","Edinburgh","Taxi",0.74441611653143
"365","Edinburgh","Beer",0.64657870491841
"366","Edinburgh","Rent",0.209033137155335
"367","Edinburgh","Meal",1.56100910879929
"368","Edinburgh","Sun",-1.48239651063314
"369","Edinburgh","Fun",0.105429960327691
"370","Edinburgh","Insta",-0.35965366374059
"371","Edmonton","Wifi",0.19386661240866
"372","Edmonton","Co_Work",-0.763805419896514
"373","Edmonton","Coffee",0.470795675378185
"374","Edmonton","Taxi",0.0592848297162525
"375","Edmonton","Beer",0.205905927575381
"376","Edmonton","Rent",-0.0900815457340209
"377","Edmonton","Meal",0.77643896010311
"378","Edmonton","Sun",-0.0974854405102579
"379","Edmonton","Fun",-0.657366789906801
"380","Edmonton","Insta",-0.546558106681563
"381","Faro","Wifi",2.63484237464189
"382","Faro","Co_Work",-0.942657556272282
"383","Faro","Coffee",-0.811790867521867
"384","Faro","Taxi",-0.283280813691336
"385","Faro","Beer",-0.550150308062168
"386","Faro","Rent",-0.494153515171594
"387","Faro","Meal",-0.166098332625858
"388","Faro","Sun",0.944969406390516
"389","Faro","Fun",-0.768845716580886
"390","Faro","Insta",-0.66546197266896
"391","Florence","Wifi",-0.53842611626131
"392","Florence","Co_Work",-0.704188041104591
"393","Florence","Coffee",-1.32131154894792
"394","Florence","Taxi",-0.283280813691336
"395","Florence","Beer",0.65521934761141
"396","Florence","Rent",-0.16251022371613
"397","Florence","Meal",1.06077981936213
"398","Florence","Sun",0.776004221364631
"399","Florence","Fun",0.293276340707646
"400","Florence","Insta",-0.32817911097922
"401","Frankfurt","Wifi",-0.294328540037987
"402","Frankfurt","Co_Work",0.349052317552708
"403","Frankfurt","Coffee",0.242389852669957
"404","Frankfurt","Taxi",1.25141326877466
"405","Frankfurt","Beer",0.179983999496379
"406","Frankfurt","Rent",0.412065265232215
"407","Frankfurt","Meal",0.0866490978266027
"408","Frankfurt","Sun",-1.24252629260532
"409","Frankfurt","Fun",-0.479176064593105
"410","Frankfurt","Insta",-0.280772994474441
"411","Geneva","Wifi",0.560012976743645
"412","Geneva","Co_Work",-0.505463445131516
"413","Geneva","Coffee",1.41955832355083
"414","Geneva","Taxi",2.5531627137235
"415","Geneva","Beer",1.79146386174098
"416","Geneva","Rent",1.99169506740467
"417","Geneva","Meal",2.62640973577598
"418","Geneva","Sun",-0.877440803531531
"419","Geneva","Fun",-0.652100068961568
"420","Geneva","Insta",-0.563655394601319
"421","Glasgow","Wifi",-0.0502309638146635
"422","Glasgow","Co_Work",-0.644570662312669
"423","Glasgow","Coffee",0.558644068727504
"424","Glasgow","Taxi",0.100392706925163
"425","Glasgow","Beer",0.223187212961382
"426","Glasgow","Rent",-0.160862059250921
"427","Glasgow","Meal",1.56100910879929
"428","Glasgow","Sun",-1.82032688068491
"429","Glasgow","Fun",-0.316785502115106
"430","Glasgow","Insta",-0.450191574770209
"431","Hamburg","Wifi",0.865134947022799
"432","Hamburg","Co_Work",0.3291798579554
"433","Hamburg","Coffee",0.20725049533023
"434","Hamburg","Taxi",1.11438701141163
"435","Hamburg","Beer",0.296632675851887
"436","Hamburg","Rent",0.210916753687002
"437","Hamburg","Meal",0.478056576930066
"438","Hamburg","Sun",-1.28627620658524
"439","Hamburg","Fun",-0.311518781169874
"440","Hamburg","Insta",0.0514583957844619
"441","Hannover","Wifi",0.682061764855306
"442","Hannover","Co_Work",-0.823422798688436
"443","Hannover","Coffee",-0.0211553273779993
"444","Hannover","Taxi",1.25141326877466
"445","Hannover","Beer",-0.0619539959076364
"446","Hannover","Rent",-0.455666158154344
"447","Hannover","Meal",0.0866490978266027
"448","Hannover","Sun",-1.37075879909818
"449","Hannover","Fun",-0.760067848338832
"450","Hannover","Insta",-0.551998152837849
"451","Hanoi","Wifi",-0.782523692484633
"452","Hanoi","Co_Work",0.209945100371555
"453","Hanoi","Coffee",-1.2334631555986
"454","Hanoi","Taxi",-1.11914098360585
"455","Hanoi","Beer",-1.38829264928322
"456","Hanoi","Rent",-1.1115993919128
"457","Hanoi","Meal",-1.57727148598543
"458","Hanoi","Sun",-1.24403491032876
"459","Hanoi","Fun",0.794492617328928
"460","Hanoi","Insta",-0.442808654986678
"461","Helsinki","Wifi",0.560012976743645
"462","Helsinki","Co_Work",-0.525335904728824
"463","Helsinki","Coffee",1.25264637618712
"464","Helsinki","Taxi",-0.283280813691336
"465","Helsinki","Beer",1.13477501707294
"466","Helsinki","Rent",0.332482466769252
"467","Helsinki","Meal",0.671127530747918
"468","Helsinki","Sun",-0.832182271828169
"469","Helsinki","Fun",-0.367697137919019
"470","Helsinki","Insta",-0.450580149495658
"471","Ho Chi Minh City","Wifi",-0.843548086540464
"472","Ho Chi Minh City","Co_Work",0.865736267082703
"473","Ho Chi Minh City","Coffee",-1.04898152956503
"474","Ho Chi Minh City","Taxi",-0.95470947477021
"475","Ho Chi Minh City","Beer",-1.37101136389722
"476","Ho Chi Minh City","Rent",-0.741885312480744
"477","Ho Chi Minh City","Meal",-1.5035534854368
"478","Ho Chi Minh City","Sun",0.11975551166588
"479","Ho Chi Minh City","Fun",0.275720604223538
"480","Ho Chi Minh City","Insta",-0.668181995747103
"481","Hoi An","Wifi",-0.904572480596295
"482","Hoi An","Co_Work",-0.942657556272282
"483","Hoi An","Coffee",-1.4267296209671
"484","Hoi An","Taxi",-0.95470947477021
"485","Hoi An","Beer",-1.31916750773922
"486","Hoi An","Rent",-1.31544654637358
"487","Hoi An","Meal",-1.55796439060365
"488","Hoi An","Sun",0.567814975529165
"489","Hoi An","Fun",0.116841189042361
"490","Hoi An","Insta",-0.64953040892555
"491","Hong Kong","Wifi",3.12303752708854
"492","Hong Kong","Co_Work",2.67413009043769
"493","Hong Kong","Coffee",1.39320380554603
"494","Hong Kong","Taxi",-0.379199193845461
"495","Hong Kong","Beer",1.10021244630094
"496","Hong Kong","Rent",2.02931306294576
"497","Hong Kong","Meal",-0.592609621514386
"498","Hong Kong","Sun",-0.865371861743968
"499","Hong Kong","Fun",0.252020359969992
"500","Hong Kong","Insta",0.815396306017214
"501","Honolulu","Wifi",0.98718373513446
"502","Honolulu","Co_Work",-0.803550339091129
"503","Honolulu","Coffee",2.01692739832619
"504","Honolulu","Taxi",0.82663187094925
"505","Honolulu","Beer",0.676820954343911
"506","Honolulu","Rent",1.52718436367695
"507","Honolulu","Meal",0.597409530199284
"508","Honolulu","Sun",0.944969406390516
"509","Honolulu","Fun",-0.0850497805248809
"510","Honolulu","Insta",-0.541506635250726
"511","Houston","Wifi",2.02459843408358
"512","Houston","Co_Work",0.269562479163478
"513","Houston","Coffee",0.593783426067232
"514","Houston","Taxi",0.0455822039799489
"515","Houston","Beer",0.279351390465886
"516","Houston","Rent",0.667005518114478
"517","Houston","Meal",0.602675101667044
"518","Houston","Sun",0.254022489052521
"519","Houston","Fun",-0.398419676766208
"520","Houston","Insta",0.325015002500564
"521","Hvar","Wifi",-0.477401722205479
"522","Hvar","Co_Work",-0.962530015869589
"523","Hvar","Coffee",-0.811790867521867
"524","Hvar","Taxi",-0.283280813691336
"525","Hvar","Beer",0.65521934761141
"526","Hvar","Rent",-1.27197847256586
"527","Hvar","Meal",1.06077981936213
"528","Hvar","Sun",1.69776965038977
"529","Hvar","Fun",-0.840824236165729
"530","Hvar","Insta",-0.697713674881227
"531","Istanbul","Wifi",-0.843548086540464
"532","Istanbul","Co_Work",0.40866969634463
"533","Istanbul","Coffee",-1.19832379825887
"534","Istanbul","Taxi",-1.26986986670519
"535","Istanbul","Beer",-0.805049267505685
"536","Istanbul","Rent",-1.15242315789722
"537","Istanbul","Meal",-1.19463995932823
"538","Istanbul","Sun",-0.289079891387824
"539","Istanbul","Fun",0.917382772717684
"540","Istanbul","Insta",3.78371863372219
"541","Jakarta","Wifi",-0.782523692484633
"542","Jakarta","Co_Work",1.10420578225039
"543","Jakarta","Coffee",-0.618524402153366
"544","Jakarta","Taxi",-1.39319349833192
"545","Jakarta","Beer",-0.623595770952673
"546","Jakarta","Rent",-0.897319899738173
"547","Jakarta","Meal",-1.40701800852787
"548","Jakarta","Sun",1.27083083465472
"549","Jakarta","Fun",-0.521309832154964
"550","Jakarta","Insta",2.21115671983005
"551","Johannesburg","Wifi",-0.904572480596295
"552","Johannesburg","Co_Work",0.0112205043984798
"553","Johannesburg","Coffee",-0.978702814885573
"554","Johannesburg","Taxi",-0.721764837253049
"555","Johannesburg","Beer",-0.900096337128691
"556","Johannesburg","Rent",-0.921227340332418
"557","Johannesburg","Meal",-0.492563763626953
"558","Johannesburg","Sun",1.07772776605371
"559","Johannesburg","Fun",-0.573099254783083
"560","Johannesburg","Insta",-0.615335833086038
"561","Kathmandu","Wifi",-1.20969445087545
"562","Kathmandu","Co_Work",-0.763805419896514
"563","Kathmandu","Coffee",-1.31252670961298
"564","Kathmandu","Taxi",-0.941006849033906
"565","Kathmandu","Beer",-0.72728348326868
"566","Kathmandu","Rent",-1.44570587421737
"567","Kathmandu","Meal",-1.48249119956576
"568","Kathmandu","Sun",0.180100220603696
"569","Kathmandu","Fun",0.596990581882714
"570","Kathmandu","Insta",-0.666627696845307
"571","Krakow","Wifi",0.621037370799475
"572","Krakow","Co_Work",-0.266993929963826
"573","Krakow","Coffee",-0.319839864765683
"574","Krakow","Taxi",-0.982114726242817
"575","Krakow","Beer",-0.688400591150177
"576","Krakow","Rent",-0.426886670954151
"577","Krakow","Meal",-0.576812907111107
"578","Krakow","Sun",0.124281364836216
"579","Krakow","Fun",-0.0385270788419948
"580","Krakow","Insta",-0.506923484685764
"581","Kuala Lumpur","Wifi",-0.599450510317141
"582","Kuala Lumpur","Co_Work",1.08433332265309
"583","Kuala Lumpur","Coffee",-0.390118579445138
"584","Kuala Lumpur","Taxi",-0.858791094616085
"585","Kuala Lumpur","Beer",-0.295251348618652
"586","Kuala Lumpur","Rent",-0.921969919926633
"587","Kuala Lumpur","Meal",-1.27362353134463
"588","Kuala Lumpur","Sun",0.54971156284782
"589","Kuala Lumpur","Fun",-0.331707878126598
"590","Kuala Lumpur","Insta",-0.143217541665492
"591","Kuwait City","Wifi",-1.20969445087545
"592","Kuwait City","Co_Work",-0.883040177480359
"593","Kuwait City","Coffee",1.46348252022549
"594","Kuwait City","Taxi",0.662200362113608
"595","Kuwait City","Beer",-0.398939060934658
"596","Kuwait City","Rent",-0.180024235121156
"597","Kuwait City","Meal",-0.768128670439706
"598","Kuwait City","Sun",2.30875982838516
"599","Kuwait City","Fun",-0.799568255428075
"600","Kuwait City","Insta",-0.5714268891103
"601","Kyiv","Wifi",0.376939794576152
"602","Kyiv","Co_Work",0.0112205043984798
"603","Kyiv","Coffee",-1.54093253232121
"604","Kyiv","Taxi",-1.47540925274974
"605","Kyiv","Beer",-1.29756590100672
"606","Kyiv","Rent",-0.719607924654289
"607","Kyiv","Meal",-0.806742861203276
"608","Kyiv","Sun",-0.685846352653965
"609","Kyiv","Fun",-0.839068662517318
"610","Kyiv","Insta",-0.467677437415414
"611","Kyoto","Wifi",0.132842218352829
"612","Kyoto","Co_Work",-0.783677879493821
"613","Kyoto","Coffee",0.874898284785051
"614","Kyoto","Taxi",0.333337344442323
"615","Kyoto","Beer",-0.407579703627659
"616","Kyoto","Rent",-0.252688365169724
"617","Kyoto","Meal",-0.673348384020033
"618","Kyoto","Sun",-0.957397542874138
"619","Kyoto","Fun",0.430211085283688
"620","Kyoto","Insta",-0.0449081361268923
"621","La Paz","Wifi",-1.27071884493128
"622","La Paz","Co_Work",-0.823422798688436
"623","La Paz","Coffee",-0.425257936784865
"624","La Paz","Taxi",0.237418964288198
"625","La Paz","Beer",-0.805049267505685
"626","La Paz","Rent",-1.08698559511918
"627","La Paz","Meal",-1.26660276938761
"628","La Paz","Sun",-0.1819680330232
"629","La Paz","Fun",-0.730223096315849
"630","La Paz","Insta",-0.675564915530634
"631","Las Vegas","Wifi",1.23128131135778
"632","Las Vegas","Co_Work",-0.545208364326131
"633","Las Vegas","Coffee",1.23507669751726
"634","Las Vegas","Taxi",0.799226619476643
"635","Las Vegas","Beer",0.685461597036912
"636","Las Vegas","Rent",0.251559402697218
"637","Las Vegas","Meal",0.602675101667044
"638","Las Vegas","Sun",2.13526879018894
"639","Las Vegas","Fun",0.331021174148478
"640","Las Vegas","Insta",0.842596536798644
"641","Lima","Wifi",-0.660474904372972
"642","Lima","Co_Work",0.368924777150015
"643","Lima","Coffee",-0.627309241488298
"644","Lima","Taxi",0.155203209870377
"645","Lima","Beer",-0.926018265207693
"646","Lima","Rent",-0.829165582347157
"647","Lima","Meal",-1.32276886504372
"648","Lima","Sun",-1.77959420215188
"649","Lima","Fun",-0.164928381527572
"650","Lima","Insta",-0.337504904389996
"651","Lisbon","Wifi",0.376939794576152
"652","Lisbon","Co_Work",0.925353645874626
"653","Lisbon","Coffee",-0.8205757068568
"654","Lisbon","Taxi",-1.07803310639694
"655","Lisbon","Beer",-0.783447660773183
"656","Lisbon","Rent",0.0391816387516788
"657","Lisbon","Meal",-0.106421855991249
"658","Lisbon","Sun",0.597987329998073
"659","Lisbon","Fun",0.812926140637242
"660","Lisbon","Insta",-0.335173456037302
"661","Liverpool","Wifi",-0.0502309638146635
"662","Liverpool","Co_Work",-0.624698202715361
"663","Liverpool","Coffee",0.435656318038458
"664","Liverpool","Taxi",-0.132551930591997
"665","Liverpool","Beer",-0.757525732694182
"666","Liverpool","Rent",-0.165715994159449
"667","Liverpool","Meal",0.876484817990543
"668","Liverpool","Sun",-0.317743628133287
"669","Liverpool","Fun",0.00624004919248053
"670","Liverpool","Insta",-0.15565193287986
"671","Ljubljana","Wifi",2.08562282813942
"672","Ljubljana","Co_Work",-0.803550339091129
"673","Ljubljana","Coffee",-0.943563457545845
"674","Ljubljana","Taxi",-0.283280813691336
"675","Ljubljana","Beer",-0.493986130557664
"676","Ljubljana","Rent",-0.451898925091009
"677","Ljubljana","Meal",0.0866490978266027
"678","Ljubljana","Sun",-0.657182615908502
"679","Ljubljana","Fun",-0.54501007640851
"680","Ljubljana","Insta",-0.664296248492613
"681","London","Wifi",-0.294328540037987
"682","London","Co_Work",5.3569121360742
"683","London","Coffee",0.769480212765869
"684","London","Taxi",1.23771064303836
"685","London","Beer",1.06564987552894
"686","London","Rent",2.21961266773647
"687","London","Meal",1.56100910879929
"688","London","Sun",-1.17162125960339
"689","London","Fun",3.45857562879231
"690","London","Insta",5.12391286179582
"691","Los Angeles","Wifi",1.90254964597192
"692","Los Angeles","Co_Work",1.1240782418477
"693","Los Angeles","Coffee",1.27021605485699
"694","Los Angeles","Taxi",0.36074259591493
"695","Los Angeles","Beer",1.08725148226144
"696","Los Angeles","Rent",2.10275599598338
"697","Los Angeles","Meal",1.42410425063754
"698","Los Angeles","Sun",1.27384807010161
"699","Los Angeles","Fun",0.291520767059235
"700","Los Angeles","Insta",2.19949947806658
"701","Lyon","Wifi",0.560012976743645
"702","Lyon","Co_Work",-0.545208364326131
"703","Lyon","Coffee",0.418086639368594
"704","Lyon","Taxi",0.895144999630768
"705","Lyon","Beer",-0.26932942053965
"706","Lyon","Rent",-0.290016573552101
"707","Lyon","Meal",0.623737387538082
"708","Lyon","Sun",-0.614941319652031
"709","Lyon","Fun",-0.474787130472078
"710","Lyon","Insta",-0.376750951660346
"711","Madrid","Wifi",0.315915400520321
"712","Madrid","Co_Work",1.52152743379385
"713","Madrid","Coffee",-0.662448598828026
"714","Madrid","Taxi",-0.118849304855694
"715","Madrid","Beer",1.06997019687544
"716","Madrid","Rent",0.0759302728166201
"717","Madrid","Meal",0.478056576930066
"718","Madrid","Sun",0.542168474230593
"719","Madrid","Fun",0.81907064840668
"720","Madrid","Insta",0.984426311587533
"721","Malaga","Wifi",-0.0502309638146635
"722","Malaga","Co_Work",-0.624698202715361
"723","Malaga","Coffee",-1.15439960158421
"724","Malaga","Taxi",-0.488820199735889
"725","Malaga","Beer",-0.545829986715668
"726","Malaga","Rent",-0.325895846140888
"727","Malaga","Meal",0.0866490978266027
"728","Malaga","Sun",1.44130463740405
"729","Malaga","Fun",-0.454598033515354
"730","Malaga","Insta",-0.460294517631883
"731","Manchester","Wifi",0.376939794576152
"732","Manchester","Co_Work",-0.207376551171903
"733","Manchester","Coffee",0.602568265402163
"734","Manchester","Taxi",0.388147847387537
"735","Manchester","Beer",0.5040081004839
"736","Manchester","Rent",0.305333032336849
"737","Manchester","Meal",1.56100910879929
"738","Manchester","Sun",-1.49899130559104
"739","Manchester","Fun",-0.513409750737115
"740","Manchester","Insta",-0.0919256779062225
"741","Manila","Wifi",-1.14867005681962
"742","Manila","Co_Work",-0.386228687547671
"743","Manila","Coffee",-0.583385044813639
"744","Manila","Taxi",-1.44800400127714
"745","Manila","Beer",-1.0556279056027
"746","Manila","Rent",-0.531554170343651
"747","Manila","Meal",-1.20692629275301
"748","Manila","Sun",-0.462570929584045
"749","Manila","Fun",-0.774112437526119
"750","Manila","Insta",-0.522855048429174
"751","Marrakech","Wifi",-1.14867005681962
"752","Marrakech","Co_Work",-0.863167717883051
"753","Marrakech","Coffee",-0.899639260871186
"754","Marrakech","Taxi",-1.07803310639694
"755","Marrakech","Beer",0.171343356803379
"756","Marrakech","Rent",-1.01216617307765
"757","Marrakech","Meal",-1.05773510116648
"758","Marrakech","Sun",1.08828809011783
"759","Marrakech","Fun",0.934060722377587
"760","Marrakech","Insta",-0.39501396375645
"761","Marseille","Wifi",-0.172279751926325
"762","Marseille","Co_Work",-0.743932960299206
"763","Marseille","Coffee",0.0139840299617283
"764","Marseille","Taxi",0.511471479014269
"765","Marseille","Beer",1.13477501707294
"766","Marseille","Rent",-0.482380911848671
"767","Marseille","Meal",0.671127530747918
"768","Marseille","Sun",0.676435451617234
"769","Marseille","Fun",-0.487076146010953
"770","Marseille","Insta",-0.418717022008839
"771","Medellin","Wifi",-1.08764566276379
"772","Medellin","Co_Work",-0.14775917237998
"773","Medellin","Coffee",-1.54971737165614
"774","Medellin","Taxi",-0.584738579890014
"775","Medellin","Beer",-1.31916750773922
"776","Medellin","Rent",-1.25498970038601
"777","Medellin","Meal",-1.21745743568853
"778","Medellin","Sun",-0.780889269231026
"779","Medellin","Fun",-0.43616451020704
"780","Medellin","Insta",0.468787650916698
"781","Melbourne","Wifi",-0.355352934093818
"782","Melbourne","Co_Work",1.56127235298847
"783","Melbourne","Coffee",0.0666930659713195
"784","Melbourne","Taxi",-0.242172936482426
"785","Melbourne","Beer",1.28598626420045
"786","Melbourne","Rent",0.483968703989148
"787","Melbourne","Meal",0.597409530199284
"788","Melbourne","Sun",0.341522317012355
"789","Melbourne","Fun",0.174775119439917
"790","Melbourne","Insta",0.587302942178645
"791","Mexico City","Wifi",-0.416377328149648
"792","Mexico City","Co_Work",1.68050711057231
"793","Mexico City","Coffee",-0.697587956167753
"794","Mexico City","Taxi",-1.36578824685932
"795","Mexico City","Beer",-0.926018265207693
"796","Mexico City","Rent",-0.624467178107647
"797","Mexico City","Meal",-0.620692669342437
"798","Mexico City","Sun",0.219324281413277
"799","Mexico City","Fun",-0.0648606835681567
"800","Mexico City","Insta",-0.467288862689965
"801","Miami","Wifi",0.804110552966968
"802","Miami","Co_Work",0.209945100371555
"803","Miami","Coffee",1.11208894682821
"804","Miami","Taxi",0.278526841497109
"805","Miami","Beer",0.685461597036912
"806","Miami","Rent",1.60401418413209
"807","Miami","Meal",0.767663007656845
"808","Miami","Sun",1.12298629775707
"809","Miami","Fun",-0.246562556178674
"810","Miami","Insta",2.39611828914378
"811","Milan","Wifi",-0.599450510317141
"812","Milan","Co_Work",0.766373969096166
"813","Milan","Coffee",-1.03141185089516
"814","Milan","Taxi",0.251121590024502
"815","Milan","Beer",0.573133242027905
"816","Milan","Rent",0.489166761148654
"817","Milan","Meal",1.06077981936213
"818","Milan","Sun",-0.746191061591781
"819","Milan","Fun",0.438988953525742
"820","Milan","Insta",0.112464627679956
"821","Minsk","Wifi",-0.233304145982156
"822","Minsk","Co_Work",-0.863167717883051
"823","Minsk","Coffee",-1.35645090628764
"824","Minsk","Taxi",-1.51651712995865
"825","Minsk","Beer",-1.1117920831072
"826","Minsk","Rent",-1.00207795761477
"827","Minsk","Meal",-0.585588859557373
"828","Minsk","Sun",-0.949854454256911
"829","Minsk","Fun",-0.606455154102888
"830","Minsk","Insta",-0.301367454923238
"831","Montevideo","Wifi",-0.111255357870494
"832","Montevideo","Co_Work",-0.763805419896514
"833","Montevideo","Coffee",-0.390118579445138
"834","Montevideo","Taxi",-0.324388690900247
"835","Montevideo","Beer",-0.640877056338674
"836","Montevideo","Rent",-0.948811455502899
"837","Montevideo","Meal",-0.257368238067024
"838","Montevideo","Sun",0.107686569878317
"839","Montevideo","Fun",-0.629277611532228
"840","Montevideo","Insta",-0.613392959458792
"841","Montreal","Wifi",0.0107934302411673
"842","Montreal","Co_Work",0.229817559968863
"843","Montreal","Coffee",0.101832423311047
"844","Montreal","Taxi",0.00447432677103825
"845","Montreal","Beer",0.205905927575381
"846","Montreal","Rent",0.042713419748556
"847","Montreal","Meal",0.116487336143907
"848","Montreal","Sun",-0.541019051203206
"849","Montreal","Fun",-0.219351164628307
"850","Montreal","Insta",-0.000222042700256355
"851","Moscow","Wifi",-0.599450510317141
"852","Moscow","Co_Work",-0.0285244147961353
"853","Moscow","Coffee",-0.662448598828026
"854","Moscow","Taxi",-1.51651712995865
"855","Moscow","Beer",-0.601994164220171
"856","Moscow","Rent",-0.17940843740888
"857","Moscow","Meal",-0.136260094308554
"858","Moscow","Sun",-0.767311709720017
"859","Moscow","Fun",3.16890597680453
"860","Moscow","Insta",1.52959665139249
"861","Mumbai","Wifi",-0.233304145982156
"862","Mumbai","Co_Work",2.05808384292115
"863","Mumbai","Coffee",-0.811790867521867
"864","Mumbai","Taxi",-1.39319349833192
"865","Mumbai","Beer",-0.822330552891686
"866","Mumbai","Rent",-0.706150933471316
"867","Mumbai","Meal",-1.19990553079599
"868","Mumbai","Sun",0.263074195393194
"869","Mumbai","Fun",-0.132450269031972
"870","Mumbai","Insta",1.10216445339858
"871","Munich","Wifi",0.254891006464491
"872","Munich","Co_Work",0.766373969096166
"873","Munich","Coffee",0.479580514713117
"874","Munich","Taxi",1.25141326877466
"875","Munich","Beer",0.179983999496379
"876","Munich","Rent",0.932450555500272
"877","Munich","Meal",0.865953675055024
"878","Munich","Sun",-1.05696631262153
"879","Munich","Fun",-0.27026280043222
"880","Munich","Insta",-0.260567108751092
"881","Muscat","Wifi",-1.14867005681962
"882","Muscat","Co_Work",-0.823422798688436
"883","Muscat","Coffee",1.3580644482063
"884","Muscat","Taxi",-0.886196346088692
"885","Muscat","Beer",2.45679334910203
"886","Muscat","Rent",-0.639119541320332
"887","Muscat","Meal",-0.796211718267757
"888","Muscat","Sun",1.63440770600507
"889","Muscat","Fun",-0.723200801722206
"890","Muscat","Insta",-0.59862711989173
"891","Naples","Wifi",-0.477401722205479
"892","Naples","Co_Work",-0.823422798688436
"893","Naples","Coffee",-1.25981767360339
"894","Naples","Taxi",-0.242172936482426
"895","Naples","Beer",-0.303891991311652
"896","Naples","Rent",-0.399139550506892
"897","Naples","Meal",0.0866490978266027
"898","Naples","Sun",-0.0522269088068958
"899","Naples","Fun",0.00185111507145354
"900","Naples","Insta",-0.387242469247469
"901","New Delhi","Wifi",-0.904572480596295
"902","New Delhi","Co_Work",2.31642581768615
"903","New Delhi","Coffee",-0.978702814885573
"904","New Delhi","Taxi",-1.44800400127714
"905","New Delhi","Beer",-0.926018265207693
"906","New Delhi","Rent",-1.27215958954006
"907","New Delhi","Meal",-1.19990553079599
"908","New Delhi","Sun",0.415444585461179
"909","New Delhi","Fun",0.856815481847512
"910","New Delhi","Insta",0.376695440985283
"911","New Orleans","Wifi",1.10923252324612
"912","New Orleans","Co_Work",-0.644570662312669
"913","New Orleans","Coffee",1.11208894682821
"914","New Orleans","Taxi",0.949955502575982
"915","New Orleans","Beer",-0.334134240737154
"916","New Orleans","Rent",0.666353497007362
"917","New Orleans","Meal",0.992327390281254
"918","New Orleans","Sun",0.361134347417145
"919","New Orleans","Fun",-0.023604702830503
"920","New Orleans","Insta",-0.280772994474441
"921","New York","Wifi",0.621037370799475
"922","New York","Co_Work",4.44277899459806
"923","New York","Coffee",1.36684928754124
"924","New York","Taxi",0.59368723343209
"925","New York","Beer",1.22982208669595
"926","New York","Rent",3.41905982936817
"927","New York","Meal",1.42410425063754
"928","New York","Sun",0.189151926944369
"929","New York","Fun",8.09855678154205
"930","New York","Insta",3.68657495235994
"931","Oaxaca","Wifi",-0.660474904372972
"932","Oaxaca","Co_Work",-0.823422798688436
"933","Oaxaca","Coffee",-0.741512152842412
"934","Oaxaca","Taxi",-0.228470310746122
"935","Oaxaca","Beer",-1.33212847177872
"936","Oaxaca","Rent",-1.11056702515987
"937","Oaxaca","Meal",-1.11741157780109
"938","Oaxaca","Sun",0.733762925108159
"939","Oaxaca","Fun",-0.657366789906801
"940","Oaxaca","Insta",-0.548112405583359
"941","Osaka","Wifi",-0.0502309638146635
"942","Osaka","Co_Work",-0.0285244147961353
"943","Osaka","Coffee",0.0579082266363874
"944","Osaka","Taxi",2.85462047992217
"945","Osaka","Beer",-0.921697943861192
"946","Osaka","Rent",-0.231859913136859
"947","Osaka","Meal",-0.673348384020033
"948","Osaka","Sun",-0.623993025992704
"949","Osaka","Fun",-0.221984525100923
"950","Osaka","Insta",-0.107857241649632
"951","Oslo","Wifi",1.35333009946945
"952","Oslo","Co_Work",-0.306738849158441
"953","Oslo","Coffee",1.53376123490494
"954","Oslo","Taxi",0.278526841497109
"955","Oslo","Beer",2.45247302775553
"956","Oslo","Rent",0.903218275864582
"957","Oslo","Meal",1.53994682292825
"958","Oslo","Sun",-1.1188196392828
"959","Oslo","Fun",-0.525698766275991
"960","Oslo","Insta",-0.416385573656145
"961","Ottawa","Wifi",-0.0502309638146635
"962","Ottawa","Co_Work",-0.485590985534208
"963","Ottawa","Coffee",0.356592764024071
"964","Ottawa","Taxi",0.251121590024502
"965","Ottawa","Beer",0.521289385869902
"966","Ottawa","Rent",0.490959819193222
"967","Ottawa","Meal",0.767663007656845
"968","Ottawa","Sun",-0.491234666329508
"969","Ottawa","Fun",-0.53359884769384
"970","Ottawa","Insta",-0.463403115435475
"971","Palma de Mallorca","Wifi",0.132842218352829
"972","Palma de Mallorca","Co_Work",-0.664443121909976
"973","Palma de Mallorca","Coffee",-0.539460848138979
"974","Palma de Mallorca","Taxi",-0.310686065163943
"975","Palma de Mallorca","Beer",-0.545829986715668
"976","Palma de Mallorca","Rent",0.0409928084936671
"977","Palma de Mallorca","Meal",1.05200386691586
"978","Palma de Mallorca","Sun",0.533116767889921
"979","Palma de Mallorca","Fun",-0.52394319262758
"980","Palma de Mallorca","Insta",-0.639816040789325
"981","Paris","Wifi",0.19386661240866
"982","Paris","Co_Work",1.74012448936423
"983","Paris","Coffee",1.01545571414396
"984","Paris","Taxi",0.484066227541662
"985","Paris","Beer",1.24710337208195
"986","Paris","Rent",0.788009768576711
"987","Paris","Meal",1.05200386691586
"988","Paris","Sun",-1.12787134562347
"989","Paris","Fun",2.82832468901284
"990","Paris","Insta",4.32072890429272
"991","Perth","Wifi",-0.477401722205479
"992","Perth","Co_Work",-0.386228687547671
"993","Perth","Coffee",0.198465655995297
"994","Perth","Taxi",-0.173659807800908
"995","Perth","Beer",0.936040235133929
"996","Perth","Rent",0.198455905862124
"997","Perth","Meal",0.55704014894646
"998","Perth","Sun",1.23764124473892
"999","Perth","Fun",-0.550276797353742
"1000","Perth","Insta",-0.316910443941199
"1001","Phnom Penh","Wifi",-1.14867005681962
"1002","Phnom Penh","Co_Work",-0.425973606742286
"1003","Phnom Penh","Coffee",-0.671233438162957
"1004","Phnom Penh","Taxi",-0.502522825472193
"1005","Phnom Penh","Beer",-1.44013650544123
"1006","Phnom Penh","Rent",-0.898243596306588
"1007","Phnom Penh","Meal",-1.37015900825355
"1008","Phnom Penh","Sun",1.18785685986523
"1009","Phnom Penh","Fun",-0.45723139398797
"1010","Phnom Penh","Insta",-0.685279283666859
"1011","Phoenix","Wifi",1.04820812919029
"1012","Phoenix","Co_Work",-0.266993929963826
"1013","Phoenix","Coffee",1.1911525008426
"1014","Phoenix","Taxi",-0.0092282989652653
"1015","Phoenix","Beer",0.275031069119385
"1016","Phoenix","Rent",0.511933164805446
"1017","Phoenix","Meal",0.597409530199284
"1018","Phoenix","Sun",2.20617382319087
"1019","Phoenix","Fun",-0.573977041607288
"1020","Phoenix","Insta",-0.349939295604364
"1021","Phuket","Wifi",-0.233304145982156
"1022","Phuket","Co_Work",-0.743932960299206
"1023","Phuket","Coffee",-0.627309241488298
"1024","Phuket","Taxi",-0.434009696790675
"1025","Phuket","Beer",-0.640877056338674
"1026","Phuket","Rent",-0.985306525803962
"1027","Phuket","Meal",-1.24027491204882
"1028","Phuket","Sun",1.56953714389691
"1029","Phuket","Fun",0.575045911277579
"1030","Phuket","Insta",-0.3359506054882
"1031","Pokhara","Wifi",-1.08764566276379
"1032","Pokhara","Co_Work",-0.902912637077667
"1033","Pokhara","Coffee",-1.65513544367533
"1034","Pokhara","Taxi",-0.982114726242817
"1035","Pokhara","Beer",-0.72728348326868
"1036","Pokhara","Rent",-1.49871881256536
"1037","Pokhara","Meal",-1.55094362864663
"1038","Pokhara","Sun",0.246479400435294
"1039","Pokhara","Fun",-0.613477448696531
"1040","Pokhara","Insta",-0.703153721037514
"1041","Portland","Wifi",1.04820812919029
"1042","Portland","Co_Work",-0.346483768353056
"1043","Portland","Coffee",0.86611344545012
"1044","Portland","Taxi",0.278526841497109
"1045","Portland","Beer",0.672500632997411
"1046","Portland","Rent",1.01634393794917
"1047","Portland","Meal",0.755376674232072
"1048","Portland","Sun",-0.103519911404039
"1049","Portland","Fun",-0.264996079486988
"1050","Portland","Insta",-0.252795614242112
"1051","Porto","Wifi",0.132842218352829
"1052","Porto","Co_Work",-0.326611308755748
"1053","Porto","Coffee",-1.07533604756982
"1054","Porto","Taxi",-1.02322260345173
"1055","Porto","Beer",-0.787767982119684
"1056","Porto","Rent",-0.345239138985322
"1057","Porto","Meal",-0.501339716073219
"1058","Porto","Sun",0.0880745394735268
"1059","Porto","Fun",-0.211451083210458
"1060","Porto","Insta",-0.353825042858854
"1061","Prague","Wifi",0.560012976743645
"1062","Prague","Co_Work",-0.207376551171903
"1063","Prague","Coffee",-0.434042776119797
"1064","Prague","Taxi",-0.132551930591997
"1065","Prague","Beer",-0.710002197882679
"1066","Prague","Rent",-0.292497876098625
"1067","Prague","Meal",-0.718983336740616
"1068","Prague","Sun",-1.1188196392828
"1069","Prague","Fun",1.14034062606586
"1070","Prague","Insta",-0.0503481822831785
"1071","Quito","Wifi",-0.904572480596295
"1072","Quito","Co_Work",-0.266993929963826
"1073","Quito","Coffee",-0.653663759493094
"1074","Quito","Taxi",0.12779795839777
"1075","Quito","Beer",-0.938979229247193
"1076","Quito","Rent",-0.884696046636516
"1077","Quito","Meal",-1.24729567400583
"1078","Quito","Sun",-0.258907536918916
"1079","Quito","Fun",-0.482687211889926
"1080","Quito","Insta",-0.405116906618124
"1081","Reykjavik","Wifi",-0.0502309638146635
"1082","Reykjavik","Co_Work",-0.783677879493821
"1083","Reykjavik","Coffee",1.23507669751726
"1084","Reykjavik","Taxi",1.82692354969941
"1085","Reykjavik","Beer",2.15437085484701
"1086","Reykjavik","Rent",1.06200352714469
"1087","Reykjavik","Meal",1.43814577455157
"1088","Reykjavik","Sun",-1.63476690070112
"1089","Reykjavik","Fun",-0.363308203797992
"1090","Reykjavik","Insta",-0.651861857278245
"1091","Riga","Wifi",-0.233304145982156
"1092","Riga","Co_Work",-0.565080823923439
"1093","Riga","Coffee",-0.0914340420574543
"1094","Riga","Taxi",-0.721764837253049
"1095","Riga","Beer",-0.308212312658153
"1096","Riga","Rent",-0.807648885812336
"1097","Riga","Meal",-0.308268762255367
"1098","Riga","Sun",-0.989078515066491
"1099","Riga","Fun",-0.441431231152273
"1100","Riga","Insta",-0.592021349559097
"1101","Rio de Janeiro","Wifi",-1.02662126870796
"1102","Rio de Janeiro","Co_Work",-0.127886712782673
"1103","Rio de Janeiro","Coffee",-1.37402058495751
"1104","Rio de Janeiro","Taxi",-1.03692522918803
"1105","Rio de Janeiro","Beer",-1.1074717617607
"1106","Rio de Janeiro","Rent",-1.07043150367741
"1107","Rio de Janeiro","Meal",-0.813763623160289
"1108","Rio de Janeiro","Sun",-0.335847040814632
"1109","Rio de Janeiro","Fun",0.495167310274888
"1110","Rio de Janeiro","Insta",0.940517367611794
"1111","Rome","Wifi",-0.599450510317141
"1112","Rome","Co_Work",0.0310929639957873
"1113","Rome","Coffee",-1.38280542429244
"1114","Rome","Taxi",0.0318795782436454
"1115","Rome","Beer",0.65089902626491
"1116","Rome","Rent",0.243336692068592
"1117","Rome","Meal",1.05200386691586
"1118","Rome","Sun",0.0956176280907538
"1119","Rome","Fun",2.1076617063402
"1120","Rome","Insta",0.343278014596668
"1121","Rotterdam","Wifi",0.621037370799475
"1122","Rotterdam","Co_Work",-0.346483768353056
"1123","Rotterdam","Coffee",0.277529210009684
"1124","Rotterdam","Taxi",1.25141326877466
"1125","Rotterdam","Beer",0.167023035456878
"1126","Rotterdam","Rent",0.698230084466355
"1127","Rotterdam","Meal",1.04498310495885
"1128","Rotterdam","Sun",-1.0026560745775
"1129","Rotterdam","Fun",-0.631910972004844
"1130","Rotterdam","Insta",-0.469620311042659
"1131","Salzburg","Wifi",0.19386661240866
"1132","Salzburg","Co_Work",-0.823422798688436
"1133","Salzburg","Coffee",0.453225996708322
"1134","Salzburg","Taxi",1.14179226288423
"1135","Salzburg","Beer",0.123819821991876
"1136","Salzburg","Rent",-0.15026671626029
"1137","Salzburg","Meal",0.565816101392727
"1138","Salzburg","Sun",-1.07506972530288
"1139","Salzburg","Fun",-0.660877937203622
"1140","Salzburg","Insta",-0.611061511106099
"1141","San Diego","Wifi",2.87893995086522
"1142","San Diego","Co_Work",0.0907103427877099
"1143","San Diego","Coffee",0.892467963454915
"1144","San Diego","Taxi",0.59368723343209
"1145","San Diego","Beer",0.672500632997411
"1146","San Diego","Rent",1.96423773411613
"1147","San Diego","Meal",0.590388768242271
"1148","San Diego","Sun",0.973633143135978
"1149","San Diego","Fun",0.0659295532384476
"1150","San Diego","Insta",0.429541603646348
"1151","San Francisco","Wifi",2.93996434492105
"1152","San Francisco","Co_Work",0.567649373123091
"1153","San Francisco","Coffee",1.27021605485699
"1154","San Francisco","Taxi",0.59368723343209
"1155","San Francisco","Beer",1.08725148226144
"1156","San Francisco","Rent",3.36575710386146
"1157","San Francisco","Meal",1.41006272672352
"1158","San Francisco","Sun",0.984193467200096
"1159","San Francisco","Fun",0.392466251842856
"1160","San Francisco","Insta",0.46412475421131
"1161","San Jose","Wifi",-1.02662126870796
"1162","San Jose","Co_Work",-0.624698202715361
"1163","San Jose","Coffee",-0.63609408082323
"1164","San Jose","Taxi",-0.447712322526979
"1165","San Jose","Beer",-0.766166375387182
"1166","San Jose","Rent",-0.712182128712137
"1167","San Jose","Meal",-0.673348384020033
"1168","San Jose","Sun",-0.495760519499844
"1169","San Jose","Fun",-0.647711134840541
"1170","San Jose","Insta",-0.534512290192644
"1171","Santiago","Wifi",-0.965596874652126
"1172","Santiago","Co_Work",0.17020018117694
"1173","Santiago","Coffee",-0.0826492027225222
"1174","Santiago","Taxi",-0.118849304855694
"1175","Santiago","Beer",-0.152680744184142
"1176","Santiago","Rent",-0.961525867091656
"1177","Santiago","Meal",-0.355658905465204
"1178","Santiago","Sun",0.601004565444964
"1179","Santiago","Fun",-0.00166003222536805
"1180","Santiago","Insta",0.0331953836883585
"1181","SÃ£o Paulo","Wifi",-0.599450510317141
"1182","SÃ£o Paulo","Co_Work",1.26318545902885
"1183","SÃ£o Paulo","Coffee",-1.30374187027805
"1184","SÃ£o Paulo","Taxi",-0.283280813691336
"1185","SÃ£o Paulo","Beer",-0.951940193286694
"1186","SÃ£o Paulo","Rent",-0.931496672769491
"1187","SÃ£o Paulo","Meal",-0.896257576155189
"1188","SÃ£o Paulo","Sun",-0.777872033784135
"1189","SÃ£o Paulo","Fun",0.196719790045052
"1190","SÃ£o Paulo","Insta",0.518525215774171
"1191","Seoul","Wifi",-0.111255357870494
"1192","Seoul","Co_Work",0.508031994331168
"1193","Seoul","Coffee",0.795834730770665
"1194","Seoul","Taxi",-0.803980591670871
"1195","Seoul","Beer",-0.42918131036016
"1196","Seoul","Rent",-0.180784926412791
"1197","Seoul","Meal",-0.720738527229869
"1198","Seoul","Sun",-0.518389785351525
"1199","Seoul","Fun",0.108063320800307
"1200","Seoul","Insta",0.0600070397443401
"1201","Seville","Wifi",0.0718178242969981
"1202","Seville","Co_Work",-0.823422798688436
"1203","Seville","Coffee",-1.22467831626367
"1204","Seville","Taxi",-0.365496568109157
"1205","Seville","Beer",-0.787767982119684
"1206","Seville","Rent",-0.372660248879024
"1207","Seville","Meal",-0.113442617948262
"1208","Seville","Sun",0.73678016055505
"1209","Seville","Fun",-0.0973387960637565
"1210","Seville","Insta",-0.663519099041715
"1211","Shanghai","Wifi",-1.5148164211546
"1212","Shanghai","Co_Work",1.40229267621001
"1213","Shanghai","Coffee",0.751910534096005
"1214","Shanghai","Taxi",-1.21505936375998
"1215","Shanghai","Beer",-1.12043272580021
"1216","Shanghai","Rent",0.564783097876662
"1217","Shanghai","Meal",-1.10161486339781
"1218","Shanghai","Sun",-0.955888925150692
"1219","Shanghai","Fun",-0.0595939626229244
"1220","Shanghai","Insta",-0.305641776903177
"1221","Siem Reap","Wifi",-1.08764566276379
"1222","Siem Reap","Co_Work",-0.902912637077667
"1223","Siem Reap","Coffee",-1.18075411958901
"1224","Siem Reap","Taxi",-0.831385843143478
"1225","Siem Reap","Beer",-1.38829264928322
"1226","Siem Reap","Rent",-1.21521641285195
"1227","Siem Reap","Meal",-1.53514691424335
"1228","Siem Reap","Sun",1.67363176681465
"1229","Siem Reap","Fun",0.53291214371572
"1230","Siem Reap","Insta",-0.642924638592917
"1231","Singapore","Wifi",4.038403437926
"1232","Singapore","Co_Work",1.36254775701539
"1233","Singapore","Coffee",0.769480212765869
"1234","Singapore","Taxi",-0.941006849033906
"1235","Singapore","Beer",0.936040235133929
"1236","Singapore","Rent",1.73344037389457
"1237","Singapore","Meal",-0.201202142410922
"1238","Singapore","Sun",-0.584768965183123
"1239","Singapore","Fun",0.454789116361439
"1240","Singapore","Insta",0.878733986265402
"1241","Sofia","Wifi",0.19386661240866
"1242","Sofia","Co_Work",0.0907103427877099
"1243","Sofia","Coffee",-1.31252670961298
"1244","Sofia","Taxi",-1.17395148655107
"1245","Sofia","Beer",-1.0253856561772
"1246","Sofia","Rent",-0.955838794101813
"1247","Sofia","Meal",-0.668082812552273
"1248","Sofia","Sun",-0.350933218049086
"1249","Sofia","Fun",-0.39051959534836
"1250","Sofia","Insta",-0.568706866032156
"1251","Split","Wifi",-0.416377328149648
"1252","Split","Co_Work",-0.843295258285744
"1253","Split","Coffee",-1.04898152956503
"1254","Split","Taxi",0.223716338551895
"1255","Split","Beer",-0.468064202478663
"1256","Split","Rent",-0.845647226999249
"1257","Split","Meal",-0.0502557603351468
"1258","Split","Sun",0.333979228395128
"1259","Split","Fun",-0.432653362910219
"1260","Split","Insta",-0.566763992404911
"1261","St. Petersburg","Wifi",-0.355352934093818
"1262","St. Petersburg","Co_Work",-0.883040177480359
"1263","St. Petersburg","Coffee",0.145756619985706
"1264","St. Petersburg","Taxi",-0.0092282989652653
"1265","St. Petersburg","Beer",-0.131079137451641
"1266","St. Petersburg","Rent",0.649473395012032
"1267","St. Petersburg","Meal",0.183184574735529
"1268","St. Petersburg","Sun",-1.16709540643305
"1269","St. Petersburg","Fun",1.90928188406978
"1270","St. Petersburg","Insta",-0.614170108909691
"1271","Stockholm","Wifi",0.621037370799475
"1272","Stockholm","Co_Work",0.0310929639957873
"1273","Stockholm","Coffee",1.22629185818233
"1274","Stockholm","Taxi",0.223716338551895
"1275","Stockholm","Beer",1.54952586633697
"1276","Stockholm","Rent",1.02308148938936
"1277","Stockholm","Meal",0.432421624209483
"1278","Stockholm","Sun",-0.915156246617666
"1279","Stockholm","Fun",-0.426508855140781
"1280","Stockholm","Insta",-0.202280899933741
"1281","Stuttgart","Wifi",0.376939794576152
"1282","Stuttgart","Co_Work",-0.465718525936901
"1283","Stuttgart","Coffee",0.25995953133982
"1284","Stuttgart","Taxi",0.799226619476643
"1285","Stuttgart","Beer",0.171343356803379
"1286","Stuttgart","Rent",0.191374232170949
"1287","Stuttgart","Meal",0.471035814973054
"1288","Stuttgart","Sun",-1.08261281392011
"1289","Stuttgart","Fun",-0.695989410171838
"1290","Stuttgart","Insta",-0.345276398898976
"1291","Sydney","Wifi",0.0718178242969981
"1292","Sydney","Co_Work",0.885608726680011
"1293","Sydney","Coffee",-0.161712756736909
"1294","Sydney","Taxi",0.429255724596448
"1295","Sydney","Beer",0.637938062225409
"1296","Sydney","Rent",1.59778376021965
"1297","Sydney","Meal",0.314823861429519
"1298","Sydney","Sun",0.341522317012355
"1299","Sydney","Fun",0.263431588684662
"1300","Sydney","Insta",0.583805769649604
"1301","Taipei","Wifi",-0.477401722205479
"1302","Taipei","Co_Work",0.229817559968863
"1303","Taipei","Coffee",0.0666930659713195
"1304","Taipei","Taxi",-0.653251708571532
"1305","Taipei","Beer",-0.87849473039619
"1306","Taipei","Rent",-0.466152830960456
"1307","Taipei","Meal",-1.15953614954317
"1308","Taipei","Sun",-1.51558610054894
"1309","Taipei","Fun",-0.010437900467422
"1310","Taipei","Insta",-0.175469243877759
"1311","Tallinn","Wifi",0.621037370799475
"1312","Tallinn","Co_Work",-0.684315581507284
"1313","Tallinn","Coffee",0.172111137990502
"1314","Tallinn","Taxi",-0.886196346088692
"1315","Tallinn","Beer",0.171343356803379
"1316","Tallinn","Rent",-0.595814472789393
"1317","Tallinn","Meal",0.0831387168480964
"1318","Tallinn","Sun",-0.734122119804218
"1319","Tallinn","Fun",-0.485320572362543
"1320","Tallinn","Insta",-0.620775879242324
"1321","Tel Aviv","Wifi",-0.782523692484633
"1322","Tel Aviv","Co_Work",-0.406101147144978
"1323","Tel Aviv","Coffee",0.848543766780256
"1324","Tel Aviv","Taxi",-0.228470310746122
"1325","Tel Aviv","Beer",1.9858783223335
"1326","Tel Aviv","Rent",1.00909925898121
"1327","Tel Aviv","Meal",1.41883867916978
"1328","Tel Aviv","Sun",1.359839280338
"1329","Tel Aviv","Fun",-0.250951490299701
"1330","Tel Aviv","Insta",-0.480500403355231
"1331","Tokyo","Wifi",0.315915400520321
"1332","Tokyo","Co_Work",2.27668089849154
"1333","Tokyo","Coffee",0.418086639368594
"1334","Tokyo","Taxi",3.11497036891194
"1335","Tokyo","Beer",0.0935775725663737
"1336","Tokyo","Rent",0.687562294686044
"1337","Tokyo","Meal",-0.366190048400723
"1338","Tokyo","Sun",-0.797484064188925
"1339","Tokyo","Fun",2.08308367526245
"1340","Tokyo","Insta",1.46820184477155
"1341","Toronto","Wifi",-0.0502309638146635
"1342","Toronto","Co_Work",1.28305791862616
"1343","Toronto","Coffee",0.40051696069873
"1344","Toronto","Taxi",0.251121590024502
"1345","Toronto","Beer",0.521289385869902
"1346","Toronto","Rent",0.980355995175861
"1347","Toronto","Meal",0.767663007656845
"1348","Toronto","Sun",-0.518389785351525
"1349","Toronto","Fun",0.00448447554406974
"1350","Toronto","Insta",1.21718257213149
"1351","Valencia","Wifi",0.19386661240866
"1352","Valencia","Co_Work",-0.187504091574596
"1353","Valencia","Coffee",-0.882069582201322
"1354","Valencia","Taxi",-0.283280813691336
"1355","Valencia","Beer",-0.308212312658153
"1356","Valencia","Rent",-0.293548354548978
"1357","Valencia","Meal",0.0831387168480964
"1358","Valencia","Sun",0.377729142375044
"1359","Valencia","Fun",-0.317663288939312
"1360","Valencia","Insta",0.176968032104492
"1361","Valletta","Wifi",-1.02662126870796
"1362","Valletta","Co_Work",-0.942657556272282
"1363","Valletta","Coffee",0.0579082266363874
"1364","Valletta","Taxi",2.75870209976805
"1365","Valletta","Beer",-0.0317117464821345
"1366","Valletta","Rent",0.40366143762939
"1367","Valletta","Meal",2.02437939796214
"1368","Valletta","Sun",0.972124525412533
"1369","Valletta","Fun",-0.78903481353761
"1370","Valletta","Insta",-0.702376571586616
"1371","Vancouver","Wifi",0.804110552966968
"1372","Vancouver","Co_Work",-0.108014253185365
"1373","Vancouver","Coffee",0.365377603359003
"1374","Vancouver","Taxi",0.12779795839777
"1375","Vancouver","Beer",0.521289385869902
"1376","Vancouver","Rent",1.05314690710637
"1377","Vancouver","Meal",0.767663007656845
"1378","Vancouver","Sun",-0.711492853952537
"1379","Vancouver","Fun",-0.275529521377452
"1380","Vancouver","Insta",0.210774033218556
"1381","Vienna","Wifi",0.926159341078629
"1382","Vienna","Co_Work",0.845863807485396
"1383","Vienna","Coffee",0.620137944072027
"1384","Vienna","Taxi",0.36074259591493
"1385","Vienna","Beer",0.171343356803379
"1386","Vienna","Rent",0.0834647389432911
"1387","Vienna","Meal",0.276209670665948
"1388","Vienna","Sun",-0.7235617957401
"1389","Vienna","Fun",0.093140944788815
"1390","Vienna","Insta",-0.170417772446922
"1391","Vientiane","Wifi",-1.33174323898711
"1392","Vientiane","Co_Work",-0.902912637077667
"1393","Vientiane","Coffee",-0.732727313507481
"1394","Vientiane","Taxi",0.758118742267733
"1395","Vientiane","Beer",-1.28028461562072
"1396","Vientiane","Rent",-0.832280794303376
"1397","Vientiane","Meal",-1.28942024574791
"1398","Vientiane","Sun",1.26781359920783
"1399","Vientiane","Fun",-0.824146286505827
"1400","Vientiane","Insta",-0.715976686977331
"1401","Vilnius","Wifi",-0.111255357870494
"1402","Vilnius","Co_Work",-0.525335904728824
"1403","Vilnius","Coffee",-0.284700507425955
"1404","Vilnius","Taxi",-0.886196346088692
"1405","Vilnius","Beer",-0.208844921688646
"1406","Vilnius","Rent",-0.6441002581108
"1407","Vilnius","Meal",-0.308268762255367
"1408","Vilnius","Sun",-1.08412143164355
"1409","Vilnius","Fun",-0.514287537561321
"1410","Vilnius","Insta",-0.599404269342628
"1411","Warsaw","Wifi",-0.233304145982156
"1412","Warsaw","Co_Work",0.110582802385017
"1413","Warsaw","Coffee",-0.0475098453827947
"1414","Warsaw","Taxi",-0.790277965934567
"1415","Warsaw","Beer",-0.640877056338674
"1416","Warsaw","Rent",-0.247979323840554
"1417","Warsaw","Meal",-0.585588859557373
"1418","Warsaw","Sun",-1.265155558457
"1419","Warsaw","Fun",-0.187750838956913
"1420","Warsaw","Insta",-0.266784304358276
"1421","Washington DC","Wifi",2.51279358653023
"1422","Washington DC","Co_Work",0.209945100371555
"1423","Washington DC","Coffee",1.1647979828378
"1424","Washington DC","Taxi",1.53916840923704
"1425","Washington DC","Beer",0.672500632997411
"1426","Washington DC","Rent",2.22999067035806
"1427","Washington DC","Meal",0.590388768242271
"1428","Washington DC","Sun",0.178591602880251
"1429","Washington DC","Fun",-0.232517966991388
"1430","Washington DC","Insta",-0.313413271412158
"1431","Xi'an","Wifi",-0.660474904372972
"1432","Xi'an","Co_Work",-0.883040177480359
"1433","Xi'an","Coffee",1.1911525008426
"1434","Xi'an","Taxi",-1.39319349833192
"1435","Xi'an","Beer",-1.43149586274823
"1436","Xi'an","Rent",-1.14208137867046
"1437","Xi'an","Meal",-1.35436229385027
"1438","Xi'an","Sun",1.50315796406531
"1439","Xi'an","Fun",-0.703011704765481
"1440","Xi'an","Insta",-0.709759491370147
"1441","Yangon","Wifi",-1.02662126870796
"1442","Yangon","Co_Work",-0.525335904728824
"1443","Yangon","Coffee",-0.767866670847208
"1444","Yangon","Taxi",-0.502522825472193
"1445","Yangon","Beer",-1.33644879312522
"1446","Yangon","Rent",-0.295558752962585
"1447","Yangon","Meal",-1.28239948379089
"1448","Yangon","Sun",1.12600353320396
"1449","Yangon","Fun",-0.495854014253007
"1450","Yangon","Insta",-0.693439352901288
"1451","Zagreb","Wifi",-0.111255357870494
"1452","Zagreb","Co_Work",-0.724060500701899
"1453","Zagreb","Coffee",-1.11926024424448
"1454","Zagreb","Taxi",-0.776575340198264
"1455","Zagreb","Beer",-0.787767982119684
"1456","Zagreb","Rent",-0.734350846354073
"1457","Zagreb","Meal",-0.568036954664841
"1458","Zagreb","Sun",-0.749208297038672
"1459","Zagreb","Fun",-0.458986967636381
"1460","Zagreb","Insta",-0.596684246264485
"1461","Zurich","Wifi",0.376939794576152
"1462","Zurich","Co_Work",-0.127886712782673
"1463","Zurich","Coffee",1.92907900497688
"1464","Zurich","Taxi",3.55345439247365
"1465","Zurich","Beer",1.36375204843746
"1466","Zurich","Rent",1.93522279484947
"1467","Zurich","Meal",2.64747202164702
"1468","Zurich","Sun",-1.27269864707423
"1469","Zurich","Fun",-0.48970950648357
"1470","Zurich","Insta",-0.463791690160924
